kalem;adet;olcu / not;kaynak;tip
Ara burç M5 × 6,5 paslanmaz;4;;katalog;SATIN ALMA
Avara rulo ø50 paslanmaz, rulmanlı (Interroll 1700 sınıfı) · gergi uzun delikli;1;RL 398;Interroll 1700 [V];SATIN ALMA
Basınçlı malzeme tankı Walther Pilot MDG 3 paslanmaz (3 bar sürümü);1;3,2 L dolum / 2,5 L kullanılır · iç Ø125 · dış Ø173 · 454 yükseklik · 2 gün = 1,41 L;walther-pilot.de MDG 3 · gıda uygunluğu [V];SATIN ALMA
DIN 912 M10 × 35 A4-70 (DGRF gövdesi);4;;DIN 912;SATIN ALMA
DIN 912 M8 × 16 A2 (EC5000 M8 dişli ucu yan profile);1;;DIN 912;SATIN ALMA
DIN 933 M8 × 60 A4 + somun (bağlantı plakası → arka köprü kirişi);2;;DIN 933 / 934;SATIN ALMA
DIN ray 35 × 7,5;2;boy 260 / 190;EN 60715;SATIN ALMA
EC5000 AI bağlantı kablosu 5 × 0,5 · M8 geçmeli → pano (hız: 2 dijital girişle 4 önayar [V]);1;;Interroll EC5000 ø50 IP66 veri sayfası (interroll.com EC5000_50mm_IP66_EN.pdf) s. 55–57;SATIN ALMA
Elektrikli sprey nozülü Spraying Systems PulsaJet AAB10000AUH-03-EPR (1/8 BSPT · EPDM);1;24 VDC 0,36 A · PWM (PLC Q0.0) · ≤ 7 bar · ≤ 93 °C · 0,26 kg · UniJet uç ≤ -03 · gıda uygunluğu SORULACAK;Spraying Systems veri sayfası 10000AUH-03 rev. 5 (spray.com);SATIN ALMA
Festo DGRF-C-GF-63-125-PPV-A-R kılavuzlu silindir (Clean Design · paslanmaz miller · NSH H1 yağ);1;Ø63 · strok 125 · 6 bar 1870 N itme / 1682 N çekme · 8,19 kg · parça no 562221;Festo DGRF-C katalog 2022/06 s. 10 (Ø63) + veri sayfası 562221;SATIN ALMA
Festo QSL-G3/8-6 dirsek geçme rakor;2;Ø6 hortum (valf SY3120 C6);festo.com [V];SATIN ALMA
Festo SMT-8M-A-PS-24V-E-0,3-M8D yakınlık sensörü (ev / kesim sonu);2;sensör rayında;Festo DGRF-C katalog s. 12 [ölçü V];SATIN ALMA
Festo ZBH-12-B merkezleme burcu (DGRF ile gelir);2;;Festo DGRF-C katalog 2022/06 s. 10 (Ø63) + veri sayfası 562221;SATIN ALMA
Güç kaynağı Mean Well NDR-240-24;1;24 V 10 A · PLC, EC5000, PulsaJet, valfler, sensörler;TraceParts STEP (gerçek CAD);SATIN ALMA
HIWIN MGN15H blok · X;2;W 32 · L 58,8 · H 16 · C 6,37 kN · 92 g;HIWIN MG katalog s. 86 (MGN15H);SATIN ALMA
HIWIN MGN15H blok · Z;2;W 32 · L 58,8 · H 16;HIWIN MG katalog s. 86 (MGN15H);SATIN ALMA
HIWIN MGNR15R ray · X · boy 360 (P 40 · E 20);2;ray 15 × 10 · M3 × 10 · 1,06 kg/m;HIWIN MG katalog s. 86 (MGN15H);SATIN ALMA
HIWIN MGNR15R ray · Z · boy 460 (P 40 · E 10);2;;HIWIN MG katalog s. 86 (MGN15H);SATIN ALMA
Habasit CD.F20-A-UW gıda bandı 2,0 mm beyaz TPU (EU 10/2011 + FDA · min kasnak Ø25) · Quickmelt ekli;1;380 × ≈ 780;Habasit PDS CD.F20-A-UW (09.05.2025) · ürün no H800006238;SATIN ALMA
Hijyenik ayar ayağı M12 paslanmaz, Ø40 taban (Elesa LV.A sınıfı · modüler M12 yuvasına);4;yerden 123 taban;Elesa LV.A [V];SATIN ALMA
Interroll RollerDrive EC5000 AI ø50 IP66 · 24 V 35 W · 49:1 (motor + sürücü rulonun içinde);1;RL 398 · EL 412 · 0,02–0,37 m/s · anma 2,42 N·m · paslanmaz boru 1,5;Interroll EC5000 ø50 IP66 veri sayfası (interroll.com EC5000_50mm_IP66_EN.pdf) s. 55–57;SATIN ALMA
Isıtmalı gıda hortumu Ø6 iç · 24 V · 45 °C (izolasyonlu Ø14);1;≈ 2,6 m sabit + 0,4 m kafa (serbest halka);[V];SATIN ALMA
Isıtmalı hortum birleşme parçası + köprü kelepçesi;1;;[V];SATIN ALMA
Kapasitif seviye sensörü (gıda · 2 gün kala uyarır);1;;[V];SATIN ALMA
Klemens Phoenix UT 2,5;16;5,2 × 47,5 × 49;phoenixcontact.com [V];SATIN ALMA
Lapp SKINTOP MS-SC M32 çok delikli geçiş rakoru (ısıtmalı hortum Ø14 + tank havası Ø6 · istasyon tabanı);1;;lapp.com [V];SATIN ALMA
M8 3 kutuplu 90° dişi kablo 5 m (PulsaJet -NC ile);1;;Murrelektronik / Lumberg M8 [V];SATIN ALMA
Omron E3Z-T61 karşılıklı ışın fotosel (verici + alıcı · IP67 · 1 ms);2;giriş x 105: ürün ön kenarı;Omron E3Z veri sayfası CSM_E3Z_DS_E_18_10 s. 15 (gövde) [T61 ışın ekseni V];SATIN ALMA
Omron E5DC DIN ray sıcaklık kontrolcüsü (tank · hortum);2;22,5 × 96 × 85,6 · PT100;omron [V];SATIN ALMA
Omron G3PE-215B DIN SSR (tank 150 W · hortum);2;22,5 × 100 × 100;omron [V];SATIN ALMA
Otomatik sigorta 1P+N C10;1;36 × 85 × 70;[V];SATIN ALMA
PU hortum Ø8 / Ø6 / Ø4 (Festo PUN-H);1;≈ 3,5 m toplam;festo.com PUN-H [V];SATIN ALMA
Paslanmaz duvar geçiş rakoru 1/4 → Ø8 (sol sac · hattın ana hava dalı);1;;[V];SATIN ALMA
Paslanmaz geçme dirsek 1/8 BSPT → Ø6 (SMC KQG2L06-01S);1;;SMC KQG2 [V];SATIN ALMA
SMC AS1201F-M5-04A dirsek hız ayar valfi (çıkışta kısma);4;M5 · Ø4 hortum · 5 g;SMC AS-1F-A EU katalog s. 5;SATIN ALMA
SMC AW20-F02-A filtre regülatör (5 µm · 0,05–0,7 MPa) + manometre;1;40 × 155 · 0,21 kg;SMC AW-A katalog s. 474;SATIN ALMA
SMC B240A şartlandırıcı braketi (2,3 mm);1;;SMC AW-A katalog s. 474 [V];SATIN ALMA
SMC D-M9N katı hal oto svic (MY1B yan oluğu);4;3 telli NPN · 22 mm · çalışma aralığı 2,5 mm;SMC Best Pneumatics s. 1199 + MY1B s. 8-11-104;SATIN ALMA
SMC MY-J10 yüzer bağlantı (MY1B10 için);1;±1 mm · M4 tutma cıvatası 0,6 N·m;SMC MY1B katalog s. 8-11-28;SATIN ALMA
SMC MY1B10G-250 rodless silindir (merkezi borulu, ø10, strok 250);1;boy 360 · 0,2–0,8 MPa · 100–500 mm/s · lastik tampon;SMC MY1B katalog (content2.smcetech.com/pdf/MY1B_2103.pdf) s. 8-11-21 ø10 çizimi;SATIN ALMA
SMC MY1B10G-350 rodless silindir (merkezi borulu, ø10, strok 350);1;boy 460 · X arabasının üstünde;SMC MY1B katalog (content2.smcetech.com/pdf/MY1B_2103.pdf) s. 8-11-21 ø10 çizimi;SATIN ALMA
SMC RB0805 şok emici (M8 × 0,75 · strok 5 · 1,0 J · ≤ 1000 mm/s);2;X strok sonları;SMC MY1B katalog s. 8-11-7 / 8-11-17;SATIN ALMA
SMC SS5Y3-20-04 manifold (4 istasyon · 10,5 hatve · P/EA/EB 1/8);1;69,5 × 49 × 20 · 87 g;SMC SY3000 katalog 1-4-45 (2005) [güncel CAD ile teyit];SATIN ALMA
SMC SY3000-26-9A kör plaka (yedek istasyon);1;;SMC SY3000 katalog 1-4-42;SATIN ALMA
SMC SY3120-5LZ-C6 5/2 tek bobinli valf (X itici · Z itici · kesici);3;10 geniş · 66,9 boy · 24 VDC;SMC SY3000 katalog 1-4-12;SATIN ALMA
Siemens S7-1200 CPU 1214C DC/DC/DC · 6ES7214-1AG40-0XB0;1;14 DI / 10 DO / 2 AI · Q0.0 PWM → PulsaJet · 415 g;Siemens veri sayfası (automation24 kopyası);SATIN ALMA
Silikon ısıtıcı ceket 24 V 20 W + termostat (nozülde tereyağı donmasın · 45 °C);1;;[V];SATIN ALMA
Tank basınç regülatörü + manometre 0–3 bar (MDG kapağında);1;;Walther Pilot [V];SATIN ALMA
Tank ısıtıcı ceketi silikon 230 V 150 W + PT100 (45 °C);1;Ø173 × 250;[V];SATIN ALMA
UniJet TG-SS2.8W geniş açı tam koni uç;1;120° @ 0,7 bar (su) · 0,28 gpm @ 10 psi · PWM ~%55 → ≈ 7 g/s tereyağı [V: deneme];Spraying Systems katalog 75 s. B39;SATIN ALMA
"UniJet uç somunu CP1325-SS (13/16"")";1;;portal.spray.com CP1325 [ölçü V];SATIN ALMA
Ara dikme Ø16 × 70 paslanmaz (iki ucu M8);3;v7: 50 — PulsaJet dik sığsın diye 70;üretim;ÜRETİM
Arka sac AISI 304 1,5;1;400 × 1736;üretim;ÜRETİM
Bant traversi 304 kutu 20 × 12 × 1 (kayma tablası altı, yan profillere kaynaklı);2;412;üretim;ÜRETİM
Bant yan profili 304 6 mm (EC5000 11 HEX + M8 + avara Ø12 delikli);2;390 × 55;üretim (lazer);ÜRETİM
Bıçak koruma + sprey perdesi halkası Ø316 × 37 (1,5 mm 304);1;;üretim;
DGRF bağlantı plakası 6082-T6 · 20'den 16,5'e işlenmiş;1;162 × 173,5 · 4 × Ø11 + 2 × Ø12 H7 + 2 × Ø9;üretim — 1870 N tepki M10'larda kesme;ÜRETİM
Damlama tavası AISI 304 · 2 mm;1;240 × 240 × 20;üretim;ÜRETİM
Kafa adaptörü AISI 304 · 10 mm (boyunduruğun 4 × M8'ine: 80 × 40);1;Ø170;üretim;ÜRETİM
Kafa plakası Ø230 × 8 AISI 304;1;;lazer + CNC;
Kayma tablası UHMW-PE 6 mm (gıda, FDA);1;254 × 396 · kesme yükünü taşır;üretim;ÜRETİM
Kelebek somun M8 paslanmaz (bıçak seti aletsiz sökülür);3;DIN 315;katalog;
Köprü kirişi 304 30 × 40 × 2 (yan + enine);4;kesici taşıyıcı;üretim;ÜRETİM
Köşe dikmesi 304 kare profil 30 × 30 × 2 (EN 10296-2);4;1736;üretim;ÜRETİM
Kılavuz çit POM beyaz 5 × 6 (ön · arka · giriş eğik);5;ürünü 36 mm z −206'ya kaydırır;üretim;ÜRETİM
Pano montaj plakası 304 4 mm (arka sacta);1;265 × 385;üretim;ÜRETİM
Plint 1,5 (60 geride);1;400 × 123;üretim;ÜRETİM
PulsaJet L braketi 304 · 3 mm (yan M4 deliklerine);1;;üretim;ÜRETİM
Sağ yan sac 1,5 · E'ye pizza penceresi;1;1734,5 × 887,5;üretim (lazer);ÜRETİM
Sensör L braketi 304 · 2 mm (E3Z → bant yan profili);4;;üretim;ÜRETİM
Sol yan sac 1,5 · fırından ürün girişi açıklığı;1;1734,5 × 887,5;üretim (lazer);ÜRETİM
Taban sacı AISI 304 3 mm;1;397 × 888;üretim (lazer);ÜRETİM
Taban sacı taşıyıcı 30 × 30 × 2;2;812;üretim;ÜRETİM
X arabası orta yükseltme 6082 cepli (MY-J10 bloklarının üstünde, masaya değmez);1;50 × 52 × 52 · et 4;üretim;ÜRETİM
X durdurucu braketi 6082 (RB0805 kelepçeli · X taban plakasına 2 × M5);2;10 × 49 × 41;üretim;ÜRETİM
X ekseni ayak tabanı 304 8 mm;4;36 × 36;üretim;ÜRETİM
X ekseni ayağı 304 kutu 20 × 20;4;63;üretim;ÜRETİM
X ekseni taban plakası 6082 6 mm;1;380 × 170;üretim;ÜRETİM
Yıldız bıçak seti 6 dilim Ø296 (sertleştirilmiş paslanmaz, bulaşık makinesinde yıkanır);1;6 × 133 × 45 × 1,5 · göbek Ø40;Q-T-S PC1018 / PC5000 bıçak seti sınıfı (q-t-s.com) [V: ölçü bize göre];
Z ekseni taban plakası 6082 5 mm (X arabası üstünde);1;76 × 460;üretim;ÜRETİM
Z köprü plakası 6082 5 mm;1;88 × 65;üretim;ÜRETİM
Z yüzer pim (özel · ±1 mm): Z rayları silindire bitişik, yandan bağlanan MY-J10 sığmaz;1;Ø8 pim + POM burç;üretim [V];ÜRETİM
Çit braketi 304 · 2 mm (POM çit → bant yan profili);4;16 genişlik;üretim;ÜRETİM
Çıkış ölü plakası 304 (bant → E penceresi · profillere kaynaklı);1;18 × 412;üretim;ÜRETİM
Ön / arka kayıt 304 kare profil 30 × 30 × 2;6;330;üretim;ÜRETİM
Ön kapak tava 20 mm AISI 304 fırçalı 1,5 (alt · orta · üst);3;derz 3 · ön düzlem +79;üretim;ÜRETİM
Üst sac AISI 304 1,5;1;400 × 889;üretim;ÜRETİM
İstasyon tabanı AISI 304 3 mm (y 892–895) · 2 rakor deliği;1;397 × 888;üretim;ÜRETİM
İtici alt dudağı POM 2 mm;1;300;üretim;ÜRETİM
İtici kolu 304 (öne · düşey · yatay);3;;üretim;ÜRETİM
İtici yüzü POM 8 mm (gıda) · pasif düşey 15 mm yüzer;1;300 × 24;üretim;ÜRETİM
