parça (model adı);kalem;adet;tanım / ürün;not / ölçü;tür
ayak_0;Ayarlı ayak Elesa+Ganter LV.A-SST · M12;4;paslanmaz · taban Ø40;elesa-ganter.com LV.A-SST;SATIN ALMA
ayak_1;ayak 1;1;304 / S235 · lazer / torna;zarf 40.3 × 80.2 × 40.0;ÜRETİM
ayak_2;ayak 2;1;304 / S235 · lazer / torna;zarf 40.3 × 80.2 × 40.0;ÜRETİM
ayak_3;ayak 3;1;304 / S235 · lazer / torna;zarf 40.3 × 80.2 × 40.0;ÜRETİM
taban_sac_3;taban sac 3;1;304 sac · lazer + büküm;zarf 827.0 × 3.0 × 827.0;ÜRETİM
plint_on;plint on;1;304 sac · lazer + büküm;zarf 750.0 × 70.0 × 1.5;ÜRETİM
arka_sac;arka sac;1;304 sac 1,5 · lazer + büküm (dış kabuk);zarf 830.0 × 1950.0 × 1.5;ÜRETİM
ust_sac;ust sac;1;304 sac 1,5 · lazer + büküm (dış kabuk);zarf 830.0 × 1.5 × 828.5;ÜRETİM
sol_sac_pizza_penceresi;sol sac pizza penceresi;1;304 sac 1,5 · lazer + büküm (dış kabuk);zarf 1.5 × 1948.5 × 828.5;ÜRETİM
sag_sac;sag sac;1;304 sac 1,5 · lazer + büküm (dış kabuk);zarf 1.5 × 1948.5 × 828.5;ÜRETİM
sarjor_yan_kapisi;sarjor yan kapisi;1;304 sac 1,5 · lazer + büküm (dış kabuk);zarf 1.5 × 920.0 × 406.0;ÜRETİM
sarjor_yan_kapisi_kulp;sarjor yan kapisi kulp;1;304 / S235 · lazer / torna;zarf 22.0 × 120.0 × 15.0;ÜRETİM
on_alt_sac;on alt sac;1;304 sac 1,5 · lazer + büküm (dış kabuk);zarf 827.0 × 1002.0 × 1.5;ÜRETİM
on_ust_kapak;on ust kapak;1;304 sac 1,5 · lazer + büküm (dış kabuk);zarf 827.0 × 683.5 × 1.5;ÜRETİM
on_ust_kapak_kulp;on ust kapak kulp;1;304 / S235 · lazer / torna;zarf 70.0 × 18.0 × 18.0;ÜRETİM
agiz_ust_kirisi;agiz ust kirisi;1;304 / S235 · lazer / torna;zarf 827.0 × 15.0 × 20.0;ÜRETİM
kose_dikme_on_0;kose dikme on 0;1;304 / S235 · lazer / torna;zarf 20.0 × 1002.0 × 20.0;ÜRETİM
kose_dikme_on_1;kose dikme on 1;1;304 / S235 · lazer / torna;zarf 20.0 × 1002.0 × 20.0;ÜRETİM
kilavuz_sol_uhmw;UHMW-PE şerit 3 mm (şarjör kılavuzu);3;sol + sağ + arka;levha;SATIN ALMA
kilavuz_sag_uhmw;kilavuz sag uhmw;1;UHMW-PE;zarf 3.0 × 908.0 × 404.0;ÜRETİM
kilavuz_sol_tasiyici;kilavuz sol tasiyici;1;304 sac · lazer + büküm;zarf 3.0 × 908.0 × 20.0;ÜRETİM
kilavuz_sag_tasiyici;kilavuz sag tasiyici;1;304 sac · lazer + büküm;zarf 13.0 × 908.0 × 20.0;ÜRETİM
kilavuz_arka_uhmw;kilavuz arka uhmw;1;UHMW-PE;zarf 804.0 × 896.0 × 3.0;ÜRETİM
kilavuz_arka_tasiyici;kilavuz arka tasiyici;1;304 sac · lazer + büküm;zarf 724.0 × 896.0 × 6.0;ÜRETİM
sarjor_kapi_esigi;sarjor kapi esigi;1;304 sac · lazer + büküm;zarf 804.0 × 904.8 × 3.0;ÜRETİM
karton_yigini;Pizza kutusu 32 × 32 × 4,2 E-dalga (düz açılım 804 × 404);567;yığın 908 mm = 567 adet @1,6 · 504 @1,8;AmbalajPazarı · 100'lü paket (sarf);SATIN ALMA
asansor_platformu;asansor platformu;1;alüminyum 6082 · CNC;zarf 804.0 × 3.0 × 404.0;ÜRETİM
asansor_catali_0;asansor catali 0;1;304 / S235 · lazer / torna;zarf 30.0 × 8.0 × 413.0;ÜRETİM
asansor_catali_1;asansor catali 1;1;304 / S235 · lazer / torna;zarf 30.0 × 8.0 × 413.0;ÜRETİM
asansor_catali_2;asansor catali 2;1;304 / S235 · lazer / torna;zarf 30.0 × 8.0 × 413.0;ÜRETİM
asansor_arabasi;asansor arabasi;1;304 / S235 · lazer / torna;zarf 500.0 × 130.0 × 4.0;ÜRETİM
asansor_ray_plakasi;asansor ray plakasi;1;304 sac · lazer + büküm;zarf 400.0 × 990.0 × 4.0;ÜRETİM
asansor_rayi_0;Lineer ray HIWIN HGR15R;2;asansör · boy 990;hiwin.com;SATIN ALMA
asansor_arabasi_00;Lineer araba HIWIN HGH15CA;1;flanşsız · 34 × 61,4 · H 28;TraceParts 90-03042020-037166;SATIN ALMA
asansor_arabasi_01;Lineer araba HIWIN HGH15CA;1;flanşsız · 34 × 61,4 · H 28;TraceParts 90-03042020-037166;SATIN ALMA
asansor_rayi_1;Lineer ray HIWIN HGR15R;0;;aynı kalemin eşi (adet ana satırda);ALT
asansor_arabasi_10;Lineer araba HIWIN HGH15CA;1;flanşsız · 34 × 61,4 · H 28;TraceParts 90-03042020-037166;SATIN ALMA
asansor_arabasi_11;Lineer araba HIWIN HGH15CA;1;flanşsız · 34 × 61,4 · H 28;TraceParts 90-03042020-037166;SATIN ALMA
asansor_vidasi_Tr16x4;Trapez vida Tr16×4 (DIN 103) + bronz blok somun;1;boy 975 · kendinden kilitli (η≈0,35): güç kesilince yığın düşmez;katalog;SATIN ALMA
asansor_somunu;asansor somunu;1;304 / S235 · lazer / torna;zarf 30.0 × 45.1 × 26.0;ÜRETİM
asansor_alt_yatak;Flanşlı yatak KFL001 (Ø12);2;vida uçları;katalog;SATIN ALMA
asansor_ust_yatak;asansor ust yatak;1;304 / S235 · lazer / torna;zarf 40.0 × 12.1 × 32.0;ÜRETİM
asansor_kasnak_40;Kasnak GT3 40 diş;1;PD 38.2 · 9 mm kayış;gates.com GT3 · katalog;SATIN ALMA
asansor_kasnak_20;Kasnak GT3 20 diş;1;PD 19.1 · 9 mm kayış;gates.com GT3 · katalog;SATIN ALMA
asansor_kayisi;Kayış GT3 9 mm;1;kapalı çevrim;gates.com;SATIN ALMA
asansor_motoru;Step motor AutomationDirect SureStep STP-MTR-23079;1;NEMA 23 · 1,95 N·m (276 oz-in) · 2,8 A;automationdirect.com STP-MTR-23079 · TraceParts STEP;SATIN ALMA
asansor_alt_sensor;Endüktif sensör Omron E2E-X2D1-N;1;M8 · 2 mm · DC 2 telli;omron.com E2E · katalog ölçüsü;SATIN ALMA
besleyici_plakasi;Besleyici plakası 6082 · 5 mm;1;621 × 461;üretim;ÜRETİM
besleyici_plaka_askisi_0;besleyici plaka askisi 0;1;alüminyum 6082 · CNC;zarf 20.0 × 523.5 × 20.0;ÜRETİM
besleyici_rayi_0;Lineer ray HIWIN HGR15R;2;besleyici · boy 473;hiwin.com;SATIN ALMA
besleyici_arabasi_0;Lineer araba HIWIN HGH15CA;1;flanşsız · 34 × 61,4 · H 28;TraceParts 90-03042020-037166;SATIN ALMA
besleyici_plaka_askisi_1;besleyici plaka askisi 1;1;alüminyum 6082 · CNC;zarf 20.0 × 523.5 × 20.0;ÜRETİM
besleyici_rayi_1;Lineer ray HIWIN HGR15R;0;;aynı kalemin eşi (adet ana satırda);ALT
besleyici_arabasi_1;Lineer araba HIWIN HGH15CA;1;flanşsız · 34 × 61,4 · H 28;TraceParts 90-03042020-037166;SATIN ALMA
itici_araba_plakasi_sol;itici araba plakasi sol;1;alüminyum 6082 · CNC;zarf 38.0 × 6.0 × 64.0;ÜRETİM
itici_araba_plakasi_sag;itici araba plakasi sag;1;alüminyum 6082 · CNC;zarf 95.0 × 6.0 × 76.0;ÜRETİM
itici_asma_plakasi_0;itici asma plakasi 0;1;alüminyum 6082 · CNC;zarf 40.0 × 289.8 × 8.0;ÜRETİM
itici_asma_plakasi_1;itici asma plakasi 1;1;alüminyum 6082 · CNC;zarf 40.0 × 289.8 × 8.0;ÜRETİM
itici_kirisi_40x20;itici kirisi 40x20;1;alüminyum 6082 · CNC;zarf 800.0 × 20.0 × 6.5;ÜRETİM
itici_cubugu;İtici çubuk 304 · 800 × 6,5 × 6;1;alt kenarı 1150,2: yalnız EN ÜSTTEKİ blankı yakalar (1149,6–1151,2);üretim;ÜRETİM
besleyici_kasnak_tahrik;Kasnak GT3 20 diş;1;PD 19.1 · 9 mm kayış;gates.com GT3 · katalog;SATIN ALMA
besleyici_kasnak_avara;Kasnak GT3 20 diş;1;PD 19.1 · 9 mm kayış;gates.com GT3 · katalog;SATIN ALMA
besleyici_kayisi;Kayış GT3 9 mm;1;kapalı çevrim;gates.com;SATIN ALMA
besleyici_avara_yatagi;besleyici avara yatagi;1;alüminyum 6082 · CNC;zarf 21.0 × 36.0 × 21.0;ÜRETİM
besleyici_avara_mili;besleyici avara mili;1;304 / S235 · lazer / torna;zarf 40.1 × 8.1 × 8.0;ÜRETİM
itici_kayis_kulagi;itici kayis kulagi;1;304 / S235 · lazer / torna;zarf 3.0 × 33.0 × 20.0;ÜRETİM
itici_kayis_cenesi;itici kayis cenesi;1;304 / S235 · lazer / torna;zarf 15.0 × 9.2 × 20.0;ÜRETİM
besleyici_motoru;Step motor AutomationDirect SureStep STP-MTR-23079;1;NEMA 23 · 1,95 N·m (276 oz-in) · 2,8 A;automationdirect.com STP-MTR-23079 · TraceParts STEP;SATIN ALMA
besleyici_motor_braketi;besleyici motor braketi;1;alüminyum 6082 · CNC;zarf 4.3 × 60.0 × 62.0;ÜRETİM
besleyici_motor_rafi;besleyici motor rafi;1;alüminyum 6082 · CNC;zarf 90.5 × 6.0 × 62.0;ÜRETİM
besleyici_arka_sensor;Endüktif sensör Omron E2E-X2D1-N;1;M8 · 2 mm · DC 2 telli;omron.com E2E · katalog ölçüsü;SATIN ALMA
kalip_tablasi_6;kalip tablasi 6;1;304 sac · lazer + büküm;zarf 340.0 × 6.0 × 340.5;ÜRETİM
kalip_ayagi_0;Alüminyum profil 40 × 40 (kalıp ayağı);4;boy 997;item / Bosch Rexroth 40×40;SATIN ALMA
kalip_ayagi_1;kalip ayagi 1;1;alüminyum 6082 · CNC;zarf 40.0 × 997.0 × 40.0;ÜRETİM
kalip_ayagi_2;kalip ayagi 2;1;alüminyum 6082 · CNC;zarf 40.0 × 997.0 × 40.0;ÜRETİM
kalip_ayagi_3;kalip ayagi 3;1;alüminyum 6082 · CNC;zarf 40.0 × 997.0 × 40.0;ÜRETİM
tepsi_cubugu_0;tepsi cubugu 0;1;304 sac · lazer + büküm;zarf 55.0 × 8.0 × 320.0;ÜRETİM
tepsi_ayagi_0;tepsi ayagi 0;1;304 sac · lazer + büküm;zarf 16.0 × 10.0 × 16.0;ÜRETİM
tepsi_cubugu_1;tepsi cubugu 1;1;304 sac · lazer + büküm;zarf 60.0 × 8.0 × 320.0;ÜRETİM
tepsi_ayagi_1;tepsi ayagi 1;1;304 sac · lazer + büküm;zarf 16.0 × 10.0 × 16.0;ÜRETİM
tepsi_cubugu_2;tepsi cubugu 2;1;304 sac · lazer + büküm;zarf 60.0 × 8.0 × 320.0;ÜRETİM
tepsi_ayagi_2;tepsi ayagi 2;1;304 sac · lazer + büküm;zarf 16.0 × 10.0 × 16.0;ÜRETİM
tepsi_cubugu_3;tepsi cubugu 3;1;304 sac · lazer + büküm;zarf 55.0 × 8.0 × 320.0;ÜRETİM
tepsi_ayagi_3;tepsi ayagi 3;1;304 sac · lazer + büküm;zarf 16.0 × 10.0 × 16.0;ÜRETİM
kalip_rayi_arka_z;Kalıp rayı 304 · 6 mm;1;arka yan duvarı kaldırır;üretim;ÜRETİM
kalip_taragi_on_z_0;Kalıp tarağı 304 · 6 mm (4 diş);1;ön yan duvarı tutar · dişleri arasından robot çatalı geçer;üretim;ÜRETİM
kalip_taragi_on_z_1;kalip taragi on z 1;1;304 sac · lazer + büküm;zarf 60.0 × 63.5 × 6.0;ÜRETİM
kalip_taragi_on_z_2;kalip taragi on z 2;1;304 sac · lazer + büküm;zarf 60.0 × 63.5 × 6.0;ÜRETİM
kalip_taragi_on_z_3;kalip taragi on z 3;1;304 sac · lazer + büküm;zarf 40.0 × 63.5 × 6.0;ÜRETİM
kalip_on_x_rayi;Kalıp ön rayı 304 · 4,5 mm;1;ön duvar 20 mm geç kalkar (köşe tırnakları önce döner);üretim;ÜRETİM
kalip_arka_x_dayagi;kalip arka x dayagi;1;304 sac · lazer + büküm;zarf 6.0 × 26.0 × 320.0;ÜRETİM
kopru_plakasi;Köprü sacı 304 · 3 mm;1;pizza yolu · katlamada 30 mm aşağıda;üretim;ÜRETİM
kopru_tasiyici;kopru tasiyici;1;alüminyum 6082 · CNC;zarf 34.0 × 36.6 × 80.0;ÜRETİM
kopru_kilavuz_mili_0;Kılavuz mili Ø12 h6 + lineer burç LM12UU;2;köprü;katalog;SATIN ALMA
kopru_burcu_0;kopru burcu 0;1;304 / S235 · lazer / torna;zarf 21.2 × 30.2 × 21.0;ÜRETİM
kopru_kilavuz_mili_1;kopru kilavuz mili 1;1;304 / S235 · lazer / torna;zarf 12.1 × 166.6 × 12.0;ÜRETİM
kopru_burcu_1;kopru burcu 1;1;304 / S235 · lazer / torna;zarf 21.2 × 30.2 × 21.0;ÜRETİM
kopru_burc_plakasi;kopru burc plakasi;1;alüminyum 6082 · CNC;zarf 54.0 × 6.1 × 280.0;ÜRETİM
kopru_plaka_tutucu;kopru plaka tutucu;1;alüminyum 6082 · CNC;zarf 14.5 × 21.0 × 280.0;ÜRETİM
kopru_vidasi_mil;Bilyalı vida TBI/HIWIN SFU1605;1;Ø16 · hatve 5 · boy 112 · uçları BK12/BF12 işli;SFU1605 katalog (fluxelectronix / TBI);SATIN ALMA
kopru_vidasi_somun;Bilyalı somun SFU1605-4;1;flanş Ø48 · gövde Ø28 · boy 57;katalog ölçüsü;SATIN ALMA
kopru_BK12;Destek BK12 (sabit);1;60 × 43 × 32.5 · merkez yüksekliği 25;MISUMI BK/BF · fonlinearguide.com;SATIN ALMA
kopru_kaplini;Kaplin (kavramalı) Ø25 × 30;1;8 × 12 / 8 × 10 delik;MISUMI MCKL / Ruland · katalog;SATIN ALMA
kopru_motoru;Step motor AutomationDirect SureStep STP-MTR-23079;1;NEMA 23 · 1,95 N·m (276 oz-in) · 2,8 A;automationdirect.com STP-MTR-23079 · TraceParts STEP;SATIN ALMA
kopru_motor_braketi;kopru motor braketi;1;alüminyum 6082 · CNC;zarf 60.0 × 6.3 × 60.0;ÜRETİM
kopru_motor_askisi;kopru motor askisi;1;alüminyum 6082 · CNC;zarf 14.5 × 47.5 × 60.0;ÜRETİM
kopru_alt_sensor;Endüktif sensör Omron E2E-X2D1-N;1;M8 · 2 mm · DC 2 telli;omron.com E2E · katalog ölçüsü;SATIN ALMA
piston_kafasi;Piston kafası 6082 · 296 × 296 × 20 · ön alt kenar 6 mm pah;1;tabana basar, iç paneli kilitler, kapağı bastırır;üretim;ÜRETİM
piston_kaburgasi_0;piston kaburgasi 0;1;alüminyum 6082 · CNC;zarf 8.0 × 50.0 × 286.0;ÜRETİM
piston_kaburgasi_1;piston kaburgasi 1;1;alüminyum 6082 · CNC;zarf 8.0 × 50.0 × 286.0;ÜRETİM
piston_baglanti_plakasi;piston baglanti plakasi;1;alüminyum 6082 · CNC;zarf 200.0 × 515.0 × 10.0;ÜRETİM
piston_eksen_plakasi;piston eksen plakasi;1;alüminyum 6082 · CNC;zarf 200.0 × 515.0 × 5.0;ÜRETİM
piston_eksen_askisi;piston eksen askisi;1;alüminyum 6082 · CNC;zarf 200.0 × 13.5 × 14.0;ÜRETİM
piston_rayi_0;Lineer ray HIWIN HGR15R;2;piston · boy 515;hiwin.com;SATIN ALMA
piston_arabasi_00;Lineer araba HIWIN HGH15CA;1;flanşsız · 34 × 61,4 · H 28;TraceParts 90-03042020-037166;SATIN ALMA
piston_arabasi_01;Lineer araba HIWIN HGH15CA;1;flanşsız · 34 × 61,4 · H 28;TraceParts 90-03042020-037166;SATIN ALMA
piston_rayi_1;Lineer ray HIWIN HGR15R;0;;aynı kalemin eşi (adet ana satırda);ALT
piston_arabasi_10;Lineer araba HIWIN HGH15CA;1;flanşsız · 34 × 61,4 · H 28;TraceParts 90-03042020-037166;SATIN ALMA
piston_arabasi_11;Lineer araba HIWIN HGH15CA;1;flanşsız · 34 × 61,4 · H 28;TraceParts 90-03042020-037166;SATIN ALMA
piston_vidasi_mil;Bilyalı vida TBI/HIWIN SFU1610;1;Ø16 · hatve 10 · boy 493 · uçları BK12/BF12 işli;SFU1610 katalog (fluxelectronix / TBI);SATIN ALMA
piston_vidasi_somun;Bilyalı somun SFU1610-4;1;flanş Ø48 · gövde Ø28 · boy 57;katalog ölçüsü;SATIN ALMA
piston_somun_braketi;piston somun braketi;1;alüminyum 6082 · CNC;zarf 60.0 × 10.2 × 52.0;ÜRETİM
piston_BK12;Destek BK12 (sabit);1;60 × 43 × 32.5 · merkez yüksekliği 25;MISUMI BK/BF · fonlinearguide.com;SATIN ALMA
piston_BK_askisi_0;piston BK askisi 0;1;alüminyum 6082 · CNC;zarf 12.0 × 38.0 × 36.0;ÜRETİM
piston_BK_askisi_1;piston BK askisi 1;1;alüminyum 6082 · CNC;zarf 12.0 × 38.0 × 36.0;ÜRETİM
piston_kasnak_vida;Kasnak GT3 20 diş;1;PD 19.1 · 9 mm kayış;gates.com GT3 · katalog;SATIN ALMA
piston_kasnak_motor;Kasnak GT3 20 diş;1;PD 19.1 · 9 mm kayış;gates.com GT3 · katalog;SATIN ALMA
piston_kayisi;Kayış GT3 9 mm;1;kapalı çevrim;gates.com;SATIN ALMA
piston_motoru;Step motor AutomationDirect SureStep STP-MTR-23079;1;NEMA 23 · 1,95 N·m (276 oz-in) · 2,8 A;automationdirect.com STP-MTR-23079 · TraceParts STEP;SATIN ALMA
piston_motor_braketi;piston motor braketi;1;alüminyum 6082 · CNC;zarf 64.0 × 4.3 × 64.0;ÜRETİM
piston_motor_askisi_0;piston motor askisi 0;1;alüminyum 6082 · CNC;zarf 8.0 × 34.5 × 14.0;ÜRETİM
piston_motor_askisi_1;piston motor askisi 1;1;alüminyum 6082 · CNC;zarf 8.0 × 34.5 × 14.0;ÜRETİM
piston_ust_sensor;Endüktif sensör Omron E2E-X2D1-N;1;M8 · 2 mm · DC 2 telli;omron.com E2E · katalog ölçüsü;SATIN ALMA
devirme_parmagi;Devirme parmağı 304 · 8 mm;1;R 72 · 140° döner;üretim;ÜRETİM
parmak_mili;parmak mili;1;304 / S235 · lazer / torna;zarf 12.1 × 12.0 × 75.1;ÜRETİM
parmak_yatagi_0;Flanşlı yatak KFL001 (Ø12);2;parmak mili;katalog;SATIN ALMA
parmak_yatagi_1;parmak yatagi 1;1;304 / S235 · lazer / torna;zarf 32.0 × 32.0 × 10.1;ÜRETİM
parmak_yatak_askisi;parmak yatak askisi;1;alüminyum 6082 · CNC;zarf 32.0 × 224.0 × 50.0;ÜRETİM
parmak_yatak_kolu_on;parmak yatak kolu on;1;alüminyum 6082 · CNC;zarf 32.0 × 10.0 × 16.0;ÜRETİM
parmak_reduktoru;Planet redüktör SureGear PGCN23-1025;1;10:1 · 5 N·m · NEMA 23;adcpn.com/pn/PGCN23-1025 · TraceParts STEP;SATIN ALMA
parmak_motoru;Step motor AutomationDirect SureStep STP-MTR-23079;1;NEMA 23 · 1,95 N·m (276 oz-in) · 2,8 A;automationdirect.com STP-MTR-23079 · TraceParts STEP;SATIN ALMA
parmak_red_braketi;parmak red braketi;1;alüminyum 6082 · CNC;zarf 58.0 × 211.0 × 7.0;ÜRETİM
parmak_sensor;Endüktif sensör Omron E2E-X2D1-N;1;M8 · 2 mm · DC 2 telli;omron.com E2E · katalog ölçüsü;SATIN ALMA
kapak_masasi;Kapak masası 304 · 3 mm;1;264 × 312 · kol yarığı;üretim;ÜRETİM
kapak_masasi_diregi_0;kapak masasi diregi 0;1;304 / S235 · lazer / torna;zarf 16.1 × 145.1 × 16.0;ÜRETİM
kapak_masasi_diregi_1;kapak masasi diregi 1;1;304 / S235 · lazer / torna;zarf 16.1 × 145.1 × 16.0;ÜRETİM
kapak_alt_plakasi;kapak alt plakasi;1;alüminyum 6082 · CNC;zarf 360.0 × 6.2 × 342.0;ÜRETİM
kapak_alt_plaka_ayagi_0;kapak alt plaka ayagi 0;1;alüminyum 6082 · CNC;zarf 20.0 × 911.0 × 20.0;ÜRETİM
kapak_alt_plaka_ayagi_1;kapak alt plaka ayagi 1;1;alüminyum 6082 · CNC;zarf 20.0 × 911.0 × 20.0;ÜRETİM
flap_katlayici_U;Flap katlayıcı U çerçeve 304 · 3 mm;1;37,6 mm kalkar: kapağın 3 flapını 90° kaldırır;üretim;ÜRETİM
flap_katlayici_alt_bagi;flap katlayici alt bagi;1;alüminyum 6082 · CNC;zarf 15.1 × 54.2 × 324.2;ÜRETİM
flap_katlayici_somun_kolu;flap katlayici somun kolu;1;alüminyum 6082 · CNC;zarf 33.4 × 10.1 × 60.0;ÜRETİM
flap_katlayici_vidasi_mil;Bilyalı vida TBI/HIWIN SFU1605;1;Ø16 · hatve 5 · boy 200 · uçları BK12/BF12 işli;SFU1605 katalog (fluxelectronix / TBI);SATIN ALMA
flap_katlayici_vidasi_somun;Bilyalı somun SFU1605-4;1;flanş Ø48 · gövde Ø28 · boy 57;katalog ölçüsü;SATIN ALMA
flap_katlayici_motoru;Step motor AutomationDirect SureStep STP-MTR-23079;1;NEMA 23 · 1,95 N·m (276 oz-in) · 2,8 A;automationdirect.com STP-MTR-23079 · TraceParts STEP;SATIN ALMA
flap_katlayici_kaplini;Kaplin (kavramalı) Ø25 × 30;1;8 × 12 / 8 × 10 delik;MISUMI MCKL / Ruland · katalog;SATIN ALMA
flap_katlayici_motor_braketi;flap katlayici motor braketi;1;alüminyum 6082 · CNC;zarf 60.0 × 6.3 × 60.0;ÜRETİM
flap_katlayici_yatak_braketi;flap katlayici yatak braketi;1;alüminyum 6082 · CNC;zarf 60.0 × 8.1 × 60.0;ÜRETİM
flap_katlayici_braket_ayagi;flap katlayici braket ayagi;1;alüminyum 6082 · CNC;zarf 10.0 × 132.0 × 60.0;ÜRETİM
flap_katlayici_sensor;Endüktif sensör Omron E2E-X2D1-N;1;M8 · 2 mm · DC 2 telli;omron.com E2E · katalog ölçüsü;SATIN ALMA
kapak_kolu;Kapak kolu 304 + makara Ø20 (POM);1;R 166 · kapağı 85° dik tutar, 100° yatırır;üretim;ÜRETİM
kapak_kolu_mili;kapak kolu mili;1;304 / S235 · lazer / torna;zarf 12.1 × 12.0 × 82.1;ÜRETİM
kol_yatagi_0;Flanşlı yatak KFL001 (Ø12);2;kol mili;katalog;SATIN ALMA
kol_yatak_ayagi_0;kol yatak ayagi 0;1;alüminyum 6082 · CNC;zarf 36.0 × 62.0 × 10.0;ÜRETİM
kol_yatagi_1;kol yatagi 1;1;304 / S235 · lazer / torna;zarf 36.0 × 36.0 × 10.1;ÜRETİM
kol_yatak_ayagi_1;kol yatak ayagi 1;1;alüminyum 6082 · CNC;zarf 36.0 × 62.0 × 10.0;ÜRETİM
kol_reduktoru;Planet redüktör SureGear PGCN23-1025;1;10:1 · 5 N·m · NEMA 23;adcpn.com/pn/PGCN23-1025 · TraceParts STEP;SATIN ALMA
kol_motoru;Step motor AutomationDirect SureStep STP-MTR-23079;1;NEMA 23 · 1,95 N·m (276 oz-in) · 2,8 A;automationdirect.com STP-MTR-23079 · TraceParts STEP;SATIN ALMA
kol_reduktor_braketi;kol reduktor braketi;1;alüminyum 6082 · CNC;zarf 60.0 × 51.0 × 10.0;ÜRETİM
kol_sensor;Endüktif sensör Omron E2E-X2D1-N;1;M8 · 2 mm · DC 2 telli;omron.com E2E · katalog ölçüsü;SATIN ALMA
pano_plakasi;pano plakasi;1;304 sac · lazer + büküm;zarf 720.0 × 460.0 × 4.0;ÜRETİM
din_rayi_0;DIN ray 35 × 7,5;2;boy 700;EN 60715;SATIN ALMA
din_rayi_1;din rayi 1;1;304 / S235 · lazer / torna;zarf 700.0 × 35.0 × 7.0;ÜRETİM
plc_S7-1200_1214C;PLC Siemens S7-1200 CPU 1214C DC/DC/DC;1;"6ES7214-1AG40-0XB0 · 4 PTO ekseni (7 sürücü enable ile paylaşır; aynı anda en çok 3 eksen döner)";110 × 100 × 75;SATIN ALMA
plc_SM1221_DI16;Siemens SM1221 DI16;1;6ES7221-1BH32-0XB0;45 × 100 × 75;SATIN ALMA
plc_SM1222_DQ16;Siemens SM1222 DQ16;1;6ES7222-1BH32-0XB0 · yön + enable;45 × 100 × 75;SATIN ALMA
guc_24V_NDR-240-24;Güç kaynağı Mean Well NDR-240-24;1;24 V 10 A · PLC + sensör;TraceParts STEP;SATIN ALMA
guc_48V_NDR-240-48_a;Güç kaynağı Mean Well NDR-240-48;2;48 V 5 A · step sürücüler;NDR-240 gövdesi (STEP 24 V ile aynı);SATIN ALMA
guc_48V_NDR-240-48_b;guc 48V NDR-240-48 b;1;alüminyum 6082 · CNC;zarf 63.0 × 125.2 × 122.8;ÜRETİM
surucu_STP-DRV-4830_0;Step sürücü AutomationDirect SureStep STP-DRV-4830;7;3 A/faz · 12–48 VDC · adım/yön;automationdirect.com · TraceParts STEP;SATIN ALMA
surucu_STP-DRV-4830_1;surucu STP-DRV-4830 1;1;;zarf 45.0 × 60.3 × 28.0;ÜRETİM
surucu_STP-DRV-4830_2;surucu STP-DRV-4830 2;1;;zarf 45.0 × 60.3 × 28.0;ÜRETİM
surucu_STP-DRV-4830_3;surucu STP-DRV-4830 3;1;;zarf 45.0 × 60.3 × 28.0;ÜRETİM
surucu_STP-DRV-4830_4;surucu STP-DRV-4830 4;1;;zarf 45.0 × 60.3 × 28.0;ÜRETİM
surucu_STP-DRV-4830_5;surucu STP-DRV-4830 5;1;;zarf 45.0 × 60.3 × 28.0;ÜRETİM
surucu_STP-DRV-4830_6;surucu STP-DRV-4830 6;1;;zarf 45.0 × 60.3 × 28.0;ÜRETİM
klemens_sirasi;Klemens sırası Phoenix UT 2,5;40;;phoenixcontact.com;SATIN ALMA
kablo_kanali_0;Kablo kanalı 40 × 25;4;pano 2 + dikey 2;katalog;SATIN ALMA
kablo_kanali_1;kablo kanali 1;1;;zarf 700.0 × 40.0 × 25.0;ÜRETİM
kablo_kanali_dikey_alt;kablo kanali dikey alt;1;;zarf 25.0 × 1225.0 × 25.0;ÜRETİM
kablo_kanali_dikey_ust;kablo kanali dikey ust;1;;zarf 25.0 × 650.0 × 25.0;ÜRETİM
sensor_yigin_ustu;Fotosel Omron E3Z-D62;1;dağınık yansımalı · 1 m · PNP;omron.com E3Z · katalog ölçüsü;SATIN ALMA
sensor_blank_var;Fotosel Omron E3Z-D62;1;dağınık yansımalı · 1 m · PNP;omron.com E3Z · katalog ölçüsü;SATIN ALMA
sensor_kutu_dolu;Fotosel Omron E3Z-D62;1;dağınık yansımalı · 1 m · PNP;omron.com E3Z · katalog ölçüsü;SATIN ALMA
robot_catal_disi_0;robot catal disi 0;1;robot;zarf 26.0 × 8.0 × 424.0;ÜRETİM
robot_catal_disi_1;robot catal disi 1;1;robot;zarf 26.0 × 8.0 × 424.0;ÜRETİM
robot_catal_disi_2;robot catal disi 2;1;robot;zarf 26.0 × 8.0 × 424.0;ÜRETİM
robot_catal_govdesi;[R modülü] FR5 kutu çatalı — robot aletidir, E'ye dahil değil;0;3 diş 26 × 8 × 430;robot;SATIN ALMA
robot_flansi;robot flansi;1;robot;zarf 63.5 × 63.0 × 20.5;ÜRETİM
