parça (model adı);birim;kalem;adet;tanım / ürün;not / kaynak;tür
ayar_ayagi_0;TEZGAH_GOVDE;Mutfak dolabı ayar ayağı 100 mm (±15);4;Ø40 taban;VARSAYIM · katalog;SATIN ALMA
ayar_ayagi_1;TEZGAH_GOVDE;ayar ayagi 1;0;;aynı kalemin eşi ya da alt parça · zarf 40 × 100 × 40;ALT
ayar_ayagi_2;TEZGAH_GOVDE;ayar ayagi 2;0;;aynı kalemin eşi ya da alt parça · zarf 40 × 100 × 40;ALT
ayar_ayagi_3;TEZGAH_GOVDE;ayar ayagi 3;0;;aynı kalemin eşi ya da alt parça · zarf 40 × 100 × 40;ALT
supurgelik;TEZGAH_GOVDE;Süpürgelik 12 mm (klipsli, 50 geride);1;596 × 94;üretim;ÜRETİM
yan_sol;TEZGAH_GOVDE;Yan panel AISI 304 1,2 mm;2;450 × 770;üretim (abkant);ÜRETİM
yan_sag;TEZGAH_GOVDE;yan sag;0;;aynı kalemin eşi ya da alt parça · zarf 1 × 770 × 450;ALT
taban;TEZGAH_GOVDE;Taban AISI 304 1,2 mm;1;597,6 × 448,8;üretim;ÜRETİM
arka_panel;TEZGAH_GOVDE;Arka panel AISI 304 1,2 mm (duvara);1;597,6 × 768,8;üretim;ÜRETİM
ust_on_kusak;TEZGAH_GOVDE;ust on kusak;0;;aynı kalemin eşi ya da alt parça · zarf 598 × 13 × 20;ALT
tabla_30;TEZGAH_GOVDE;Tezgâh tablası AISI 304 1,2 mm kaplı · 30 mm · ön + yan 15 taşar;1;630 × 465;üretim · resim birebir;ÜRETİM
raf_tasiyici_sol;TEZGAH_GOVDE;Raf taşıyıcı köşebent;2;411;üretim;ÜRETİM
raf_tasiyici_sag;TEZGAH_GOVDE;raf tasiyici sag;0;;aynı kalemin eşi ya da alt parça · zarf 15 × 4 × 411;ALT
raf;TEZGAH_GOVDE;Raf AISI 304 1,5 mm (bükümlü);1;596 × 419;üretim;ÜRETİM
on_kapak;TEZGAH_GOVDE;Ön kapak 18 mm çift cidar AISI 304 (tek kanat, menteşe solda);1;596,6 × 590;üretim · SPEC 'tek kapak';ÜRETİM
kapak_mentesesi_0;TEZGAH_GOVDE;Gizli menteşe 110° (kapak);2;;VARSAYIM · katalog;SATIN ALMA
kapak_mentesesi_1;TEZGAH_GOVDE;kapak mentesesi 1;0;;aynı kalemin eşi ya da alt parça · zarf 15 × 40 × 20;ALT
kapak_kulpu;TEZGAH_GOVDE;Çubuk kulp 140 mm paslanmaz;2;kapak + çekmece;katalog;SATIN ALMA
cekmece_onu;TEZGAH_CEKMECE;Çekmece önü 18 mm çift cidar AISI 304;1;596,6 × 155;üretim;ÜRETİM
cekmece_kulpu;TEZGAH_CEKMECE;cekmece kulpu;0;;aynı kalemin eşi ya da alt parça · zarf 140 × 15 × 23;ALT
kam_kilit_silindiri;TEZGAH_CEKMECE;Kam kilit Ø19 (anahtarlı, 2 anahtar);1;kam ön kuşağın arkasına kilitler;VARSAYIM · katalog;SATIN ALMA
kam_kilit_dili;TEZGAH_CEKMECE;kam kilit dili;0;;aynı kalemin eşi ya da alt parça · zarf 16 × 36 × 3;ALT
teleskopik_ray_sol;TEZGAH_CEKMECE;Bilyalı teleskopik ray 12,7 × 45 · 300 tam açılım (çift);1;yan montaj;Accuride DZ3832 sınıfı · boy VARSAYIM;SATIN ALMA
teleskopik_ray_sag;TEZGAH_CEKMECE;teleskopik ray sag;0;;aynı kalemin eşi ya da alt parça · zarf 13 × 45 × 300;ALT
cekmece_kutu_tabani;TEZGAH_CEKMECE;Çekmece kutusu AISI 304 1,2 mm (taban + yanlar + arka);1;570 × 300 × 128;üretim;ÜRETİM
cekmece_kutu_yan_sol;TEZGAH_CEKMECE;cekmece kutu yan sol;0;;aynı kalemin eşi ya da alt parça · zarf 1 × 127 × 300;ALT
cekmece_kutu_yan_sag;TEZGAH_CEKMECE;cekmece kutu yan sag;0;;aynı kalemin eşi ya da alt parça · zarf 1 × 127 × 300;ALT
cekmece_kutu_arka;TEZGAH_CEKMECE;cekmece kutu arka;0;;aynı kalemin eşi ya da alt parça · zarf 568 × 127 × 1;ALT
damla_tepsisi;TEZGAH_TEMIZLIK;Damla tepsisi PP (kimyasal sızıntısı);1;290 × 200 × 3,8;VARSAYIM;SATIN ALMA
temizlik_bidonu_0;TEZGAH_TEMIZLIK;Temizlik kimyasalı 5 L bidon (yüzey temizleyici + dezenfektan);2;125 × 285 × 190 + kapak;tedarikçi bidonu · ölçü VARSAYIM;SATIN ALMA
temizlik_bidonu_kapagi_0;TEZGAH_TEMIZLIK;temizlik bidonu kapagi 0;0;;aynı kalemin eşi ya da alt parça · zarf 38 × 15 × 38;ALT
temizlik_bidonu_1;TEZGAH_TEMIZLIK;temizlik bidonu 1;0;;aynı kalemin eşi ya da alt parça · zarf 125 × 285 × 190;ALT
temizlik_bidonu_kapagi_1;TEZGAH_TEMIZLIK;temizlik bidonu kapagi 1;0;;aynı kalemin eşi ya da alt parça · zarf 38 × 15 × 38;ALT
sarf_kutusu;TEZGAH_SARF;Saklama kutusu 3 bölmeli (bez · eldiven · poşet);1;258 × 150 × 200;VARSAYIM · resim ölçüsü;SATIN ALMA
sarf_kutusu_bolme_0;TEZGAH_SARF;sarf kutusu bolme 0;0;;aynı kalemin eşi ya da alt parça · zarf 2 × 148 × 196;ALT
sarf_kutusu_bolme_1;TEZGAH_SARF;sarf kutusu bolme 1;0;;aynı kalemin eşi ya da alt parça · zarf 2 × 148 × 196;ALT
bez_yigini;TEZGAH_SARF;bez yigini;0;;aynı kalemin eşi ya da alt parça · zarf 78 × 70 × 188;ALT
eldiven_kutusu;TEZGAH_SARF;Tek kullanımlık eldiven kutusu;1;sarf;—;SATIN ALMA
poset_rulosu;TEZGAH_SARF;poset rulosu;0;;aynı kalemin eşi ya da alt parça · zarf 70 × 70 × 180;ALT
cop_kovasi_10L;TEZGAH_COP;Çöp kovası 10 L kapaklı (çekip açılır);1;220 × 250 × 200;VARSAYIM · resim ölçüsü;SATIN ALMA
cop_kovasi_kapagi;TEZGAH_COP;cop kovasi kapagi;0;;aynı kalemin eşi ya da alt parça · zarf 220 × 15 × 200;ALT
cop_poseti;TEZGAH_COP;Çöp poşeti 10 L;1;sarf;—;SATIN ALMA
aski_rayi;TEZGAH_ASKI;Duvar askısı rayı alüminyum 20 × 10 (2 dübel);1;500;üretim · resim birebir;ÜRETİM
aski_kancasi_0;TEZGAH_ASKI;Askı kancası Ø10 paslanmaz (J);3;duvardan 70;üretim;ÜRETİM
aski_kancasi_1;TEZGAH_ASKI;aski kancasi 1;0;;aynı kalemin eşi ya da alt parça · zarf 14 × 40 × 70;ALT
aski_kancasi_2;TEZGAH_ASKI;aski kancasi 2;0;;aynı kalemin eşi ya da alt parça · zarf 14 × 40 × 70;ALT
