modul,parca,malzeme,sinif,x_mm,y_mm,z_mm,hacim_mm3,not
A,A_bagimsiz_sag_duvar_1p5,304,shell,1.5,967.0,887.5,1171530.94,304 1.5; own right wall; removable shared rail throat preserved
A,A_C_sokulur_cevre_contasi,EPDM,gasket,0.5,967.0,887.5,15765.0,"0.5 installed seam, final gasket compression to supplier specification"
B,B_alt_sasi_boyuna_0,304,frame,3997.0,80.0,60.0,3210402.43,60x80x3 RHS; continuous bearing under floor; no shell lifting
B,B_alt_sasi_boyuna_1,304,frame,1315.0,80.0,60.0,1054870.82,60x80x3 RHS; continuous bearing under floor; no shell lifting
B,B_alt_sasi_boyuna_2,304,frame,3997.0,80.0,60.0,3207822.39,60x80x3 RHS; continuous bearing under floor; no shell lifting
B,B_alt_sasi_enine_0,304,frame,60.0,80.0,590.0,474360.0,RHS; welded to longitudinal rail
B,B_alt_sasi_enine_1,304,frame,60.0,80.0,590.0,474360.0,RHS; welded to longitudinal rail
B,B_alt_sasi_enine_2,304,frame,60.0,80.0,590.0,474360.0,RHS; welded to longitudinal rail
B,B_alt_sasi_enine_3,304,frame,60.0,80.0,450.0,361800.0,RHS; welded to longitudinal rail
B,B_alt_sasi_enine_4,304,frame,60.0,80.0,450.0,361800.0,RHS; welded to longitudinal rail
B,B_alt_sasi_enine_5,304,frame,60.0,80.0,450.0,361800.0,RHS; welded to longitudinal rail
B,B_alt_sasi_enine_6,304,frame,60.0,80.0,590.0,474360.0,RHS; welded to longitudinal rail
B,B_M12_ayak_yuvasi_60_-110,304,frame,24.0,12.0,24.0,5319.21,M12 weld-in threaded insert; thread simplified; foot unchanged
B,B_M12_ayak_yuvasi_60_-760,304,frame,24.0,12.0,24.0,5319.21,M12 weld-in threaded insert; thread simplified; foot unchanged
B,B_M12_ayak_yuvasi_1000_-110,304,frame,24.0,12.0,24.0,5319.21,M12 weld-in threaded insert; thread simplified; foot unchanged
B,B_M12_ayak_yuvasi_1000_-760,304,frame,24.0,12.0,24.0,5319.21,M12 weld-in threaded insert; thread simplified; foot unchanged
B,B_M12_ayak_yuvasi_1960_-110,304,frame,24.0,12.0,24.0,5319.21,M12 weld-in threaded insert; thread simplified; foot unchanged
B,B_M12_ayak_yuvasi_1960_-760,304,frame,24.0,12.0,24.0,5319.21,M12 weld-in threaded insert; thread simplified; foot unchanged
B,B_M12_ayak_yuvasi_2517.5_-110,304,frame,24.0,12.0,24.0,5319.21,M12 weld-in threaded insert; thread simplified; foot unchanged
B,B_M12_ayak_yuvasi_2517.5_-620,304,frame,24.0,12.0,24.0,5319.21,M12 weld-in threaded insert; thread simplified; foot unchanged
B,B_M12_ayak_yuvasi_3172.5_-110,304,frame,24.0,12.0,24.0,5319.21,M12 weld-in threaded insert; thread simplified; foot unchanged
B,B_M12_ayak_yuvasi_3172.5_-620,304,frame,24.0,12.0,24.0,5319.21,M12 weld-in threaded insert; thread simplified; foot unchanged
B,B_M12_ayak_yuvasi_3792.5_-110,304,frame,24.0,12.0,24.0,5319.21,M12 weld-in threaded insert; thread simplified; foot unchanged
B,B_M12_ayak_yuvasi_3792.5_-620,304,frame,24.0,12.0,24.0,5319.21,M12 weld-in threaded insert; thread simplified; foot unchanged
B,B_M12_ayak_yuvasi_3940_-110,304,frame,24.0,12.0,24.0,5319.21,M12 weld-in threaded insert; thread simplified; foot unchanged
B,B_M12_ayak_yuvasi_3940_-760,304,frame,24.0,12.0,24.0,5319.21,M12 weld-in threaded insert; thread simplified; foot unchanged
K,K_alt_sasi_boyuna_0,304,frame,540.0,60.0,40.0,302967.21,40x60x3 RHS; continuous bearing under floor; no shell lifting
K,K_alt_sasi_boyuna_1,304,frame,540.0,60.0,40.0,302967.21,40x60x3 RHS; continuous bearing under floor; no shell lifting
K,K_alt_sasi_enine_0,304,frame,40.0,60.0,620.0,349680.0,RHS; welded to longitudinal rail
K,K_alt_sasi_enine_1,304,frame,40.0,60.0,620.0,349680.0,RHS; welded to longitudinal rail
K,K_M12_ayak_yuvasi_4050_-110,304,frame,24.0,12.0,24.0,5319.21,M12 weld-in threaded insert; thread simplified; foot unchanged
K,K_M12_ayak_yuvasi_4550_-110,304,frame,24.0,12.0,24.0,5319.21,M12 weld-in threaded insert; thread simplified; foot unchanged
K,K_M12_ayak_yuvasi_4050_-770,304,frame,24.0,12.0,24.0,5319.21,M12 weld-in threaded insert; thread simplified; foot unchanged
K,K_M12_ayak_yuvasi_4550_-770,304,frame,24.0,12.0,24.0,5319.21,M12 weld-in threaded insert; thread simplified; foot unchanged
E,E_alt_sasi_boyuna_0,304,frame,750.0,60.0,40.0,421407.21,40x60x3 RHS; continuous bearing under floor; no shell lifting
E,E_alt_sasi_boyuna_2,304,frame,750.0,60.0,40.0,421407.21,40x60x3 RHS; continuous bearing under floor; no shell lifting
E,E_alt_sasi_enine_0,304,frame,40.0,60.0,620.0,349680.0,RHS; welded to longitudinal rail
E,E_alt_sasi_enine_1,304,frame,40.0,60.0,190.0,106363.61,RHS; welded to longitudinal rail
E,E_alt_sasi_enine_1_segment_1,304,frame,40.0,60.0,70.0,38683.61,"separate RHS segment, end welded to longitudinal member"
E,E_alt_sasi_enine_2,304,frame,40.0,60.0,620.0,349680.0,RHS; welded to longitudinal rail
E,E_M12_ayak_yuvasi_4660_-110,304,frame,24.0,12.0,24.0,5319.21,M12 weld-in threaded insert; thread simplified; foot unchanged
E,E_M12_ayak_yuvasi_5370_-110,304,frame,24.0,12.0,24.0,5319.21,M12 weld-in threaded insert; thread simplified; foot unchanged
E,E_M12_ayak_yuvasi_4660_-770,304,frame,24.0,12.0,24.0,5319.21,M12 weld-in threaded insert; thread simplified; foot unchanged
E,E_M12_ayak_yuvasi_5370_-770,304,frame,24.0,12.0,24.0,5319.21,M12 weld-in threaded insert; thread simplified; foot unchanged
E,E_M12_ayak_yuvasi_5015_-40,304,frame,24.0,12.0,24.0,5319.21,M12 weld-in threaded insert; thread simplified; foot unchanged
E,E_M12_ayak_yuvasi_5015_-300,304,frame,24.0,12.0,24.0,5319.21,M12 weld-in threaded insert; thread simplified; foot unchanged
B,B_AC_ust_kiris_0,304,frame,2500.5,40.0,30.0,659623.06,30x40x2; upper A/C loads to partition posts
B,B_AC_ust_isikesici_0,GFRP,thermal,2500.5,3.0,30.0,224281.59,3 mm structural thermal-break strip; grade/creep to verify
B,B_AC_dikme_0_0,304,frame,30.0,616.0,30.0,137984.0,30x30x2; inside wall/partition; full-height load path
B,B_AC_alt_isikesici_0_0,GFRP,thermal,30.0,3.0,30.0,2700.0,3 mm structural thermal break below post; final grade/creep to verify
B,B_AC_alt_pabucluk_0_0,304,frame,30.0,1.5,30.0,1350.0,bearing shoe on chassis/floor
B,B_AC_dikme_0_1,304,frame,30.0,616.0,30.0,137984.0,30x30x2; inside wall/partition; full-height load path
B,B_AC_alt_isikesici_0_1,GFRP,thermal,30.0,3.0,30.0,2700.0,3 mm structural thermal break below post; final grade/creep to verify
B,B_AC_alt_pabucluk_0_1,304,frame,30.0,1.5,30.0,1350.0,bearing shoe on chassis/floor
B,B_AC_dikme_0_2,304,frame,30.0,616.0,30.0,137984.0,30x30x2; inside wall/partition; full-height load path
B,B_AC_alt_isikesici_0_2,GFRP,thermal,30.0,3.0,30.0,2700.0,3 mm structural thermal break below post; final grade/creep to verify
B,B_AC_alt_pabucluk_0_2,304,frame,30.0,1.5,30.0,1350.0,bearing shoe on chassis/floor
B,B_AC_dikme_0_3,304,frame,30.0,616.0,30.0,137984.0,30x30x2; inside wall/partition; full-height load path
B,B_AC_alt_isikesici_0_3,GFRP,thermal,30.0,3.0,30.0,2700.0,3 mm structural thermal break below post; final grade/creep to verify
B,B_AC_alt_pabucluk_0_3,304,frame,30.0,1.5,30.0,1350.0,bearing shoe on chassis/floor
B,B_AC_ust_kiris_1,304,frame,2500.5,40.0,30.0,660132.0,30x40x2; upper A/C loads to partition posts
B,B_AC_ust_isikesici_1,GFRP,thermal,2500.5,3.0,30.0,225045.0,3 mm structural thermal-break strip; grade/creep to verify
B,B_AC_dikme_1_0,304,frame,30.0,616.0,30.0,137984.0,30x30x2; inside wall/partition; full-height load path
B,B_AC_alt_isikesici_1_0,GFRP,thermal,30.0,3.0,30.0,2700.0,3 mm structural thermal break below post; final grade/creep to verify
B,B_AC_alt_pabucluk_1_0,304,frame,30.0,1.5,30.0,1350.0,bearing shoe on chassis/floor
B,B_AC_dikme_1_1,304,frame,30.0,616.0,30.0,137984.0,30x30x2; inside wall/partition; full-height load path
B,B_AC_alt_isikesici_1_1,GFRP,thermal,30.0,3.0,30.0,2700.0,3 mm structural thermal break below post; final grade/creep to verify
B,B_AC_alt_pabucluk_1_1,304,frame,30.0,1.5,30.0,1350.0,bearing shoe on chassis/floor
B,B_AC_dikme_1_2,304,frame,30.0,616.0,30.0,137984.0,30x30x2; inside wall/partition; full-height load path
B,B_AC_alt_isikesici_1_2,GFRP,thermal,30.0,3.0,30.0,2700.0,3 mm structural thermal break below post; final grade/creep to verify
B,B_AC_alt_pabucluk_1_2,304,frame,30.0,1.5,30.0,1350.0,bearing shoe on chassis/floor
B,B_AC_dikme_1_3,304,frame,30.0,616.0,30.0,137984.0,30x30x2; inside wall/partition; full-height load path
B,B_AC_alt_isikesici_1_3,GFRP,thermal,30.0,3.0,30.0,2700.0,3 mm structural thermal break below post; final grade/creep to verify
B,B_AC_alt_pabucluk_1_3,304,frame,30.0,1.5,30.0,1350.0,bearing shoe on chassis/floor
A,A_tasima_kizagi_0,wood,shipping,660.0,80.0,70.0,3696000.0,removable transport saddle; forklift from below; not an overhead lifting point
A,A_tasima_kizagi_1,wood,shipping,660.0,80.0,70.0,3696000.0,removable transport saddle; forklift from below; not an overhead lifting point
C,C_tasima_kizagi_0,wood,shipping,1760.0,80.0,70.0,9856000.0,removable transport saddle; forklift from below; not an overhead lifting point
C,C_tasima_kizagi_1,wood,shipping,1760.0,80.0,70.0,9856000.0,removable transport saddle; forklift from below; not an overhead lifting point
F,F_tasima_kizagi_0,wood,shipping,1460.0,80.0,70.0,8176000.0,removable transport saddle; forklift from below; not an overhead lifting point
F,F_tasima_kizagi_1,wood,shipping,1460.0,80.0,70.0,8176000.0,removable transport saddle; forklift from below; not an overhead lifting point
K,M8_baglanti_civata_B_K_3970,304,connection,13.0,21.0,13.0,1467.91,M8 removable splice fixing; simplified thread; no overhead lifting
K,M8_baglanti_somun_B_K_3970,304,connection,13.0,7.0,13.0,795.08,M8 weld nut inside lower RHS
K,M8_baglanti_civata_B_K_4050,304,connection,13.0,21.0,13.0,1467.91,M8 removable splice fixing; simplified thread; no overhead lifting
K,M8_baglanti_somun_B_K_4050,304,connection,13.0,7.0,13.0,795.08,M8 weld nut inside lower RHS
K,montaj_baglanti_B_K,304,connection,110.0,24.0,30.0,15091.06,304 4 mm splice; Ø9 M8; accessible after plinth removal
E,M8_baglanti_civata_K_E_4550,304,connection,13.0,21.0,13.0,1467.91,M8 removable splice fixing; simplified thread; no overhead lifting
E,M8_baglanti_somun_K_E_4550,304,connection,13.0,7.0,13.0,795.08,M8 weld nut inside lower RHS
E,M8_baglanti_civata_K_E_4660,304,connection,13.0,21.0,13.0,1467.91,M8 removable splice fixing; simplified thread; no overhead lifting
E,M8_baglanti_somun_K_E_4660,304,connection,13.0,7.0,13.0,795.08,M8 weld nut inside lower RHS
E,montaj_baglanti_K_E,304,connection,140.0,4.0,30.0,16291.06,304 4 mm splice; Ø9 M8; accessible after plinth removal
A,A_B_M8_civata_28,304,connection,13.0,26.0,13.0,1719.24,removable M8 hold-down into B support; service access before top plate closure
A,A_B_M8_rondela_28,304,connection,18.0,2.0,18.0,381.7,
B,A_B_M8_disli_yuva_28,304,connection,13.0,7.0,13.0,795.08,weld nut under RHS top wall; modeled nominal clearance
A,A_B_M8_civata_672,304,connection,13.0,26.0,13.0,1719.24,removable M8 hold-down into B support; service access before top plate closure
A,A_B_M8_rondela_672,304,connection,18.0,2.0,18.0,381.7,
B,A_B_M8_disli_yuva_672,304,connection,13.0,7.0,13.0,795.08,weld nut under RHS top wall; modeled nominal clearance
C,C_B_M8_civata_728,304,connection,13.0,26.0,13.0,1719.24,removable M8 hold-down into B support; service access before top plate closure
C,C_B_M8_rondela_728,304,connection,18.0,2.0,18.0,381.7,
B,C_B_M8_disli_yuva_728,304,connection,13.0,7.0,13.0,795.08,weld nut under RHS top wall; modeled nominal clearance
C,C_B_M8_civata_2472,304,connection,13.0,26.0,13.0,1719.24,removable M8 hold-down into B support; service access before top plate closure
C,C_B_M8_rondela_2472,304,connection,18.0,2.0,18.0,381.7,
B,C_B_M8_disli_yuva_2472,304,connection,13.0,7.0,13.0,795.08,weld nut under RHS top wall; modeled nominal clearance
